text,label_name,label,verdict_norm
How many who have no other morbidities under the age of 60 have died from this Covid-19? 350,misinformation,0,misinformation
Luke's Hospital of America has said that the use of alcohol can reduce the risk of corona virus.,misinformation,0,misinformation
"Coronavirus vaccine is ready, able to cure a patient within 3 hours",misinformation,0,misinformation
"""Coronavirus is already in the hospital. Bhayangkara Indramayu""",misinformation,0,misinformation
How to treat COVID-19 Recommended by the Dean of Siriraj Hospital?,misinformation,0,misinformation
"Fake coronavirus claims are all over the internet. Below we correct a few claims about the virus origin, diagnosis, prevention and cures.",misinformation,0,misinformation
No new patient infected with COVID-19 in China has died. And the patient stays at home without going to the doctor?,misinformation,0,misinformation
"Thai doctors use a combination drug to ""cure"" a patient with coronavirus in 48 hours.",misinformation,0,misinformation
JJ Hospital in Mumbai is giving Covid-19 vaccine to everybody above the age of 45,misinformation,0,misinformation
The Covid vaccine is now open to the general public from the age of 19-59. Free at 11 hospitals in Bangkok in March 2021,misinformation,0,misinformation
Covid-19 vaccines are responsible for increased mortality,misinformation,0,misinformation
"Despite the high safety standards, some people worry about possible side effects when they start vaccinating against Covid-19. Reports are currently spreading on social media that allegedly prove side effects or even vaccine damage. A Facebook video (archived here) shows a man in a light blue T-shirt who is apparently lying in a hospital bed and is convulsing. ""A 33-year-old male nurse who is in excellent health and who has opted for the corona vaccination (RNA gene injection) develops a severe reaction,"" says the description of the video.",misinformation,0,misinformation
"""More mortality associated with the Covid-19 vaccine than the sum of all vaccines in the previous 31 years.""",misinformation,0,misinformation
“60% of people being admitted to hospital with COVID-19 in England have had two doses of a coronavirus vaccine”,misinformation,0,misinformation
"More than half of myocarditis cases caused by COVID-19 vaccines occur in those aged between 12 and 34, yet this age group has a COVID-19 recovery rate of 99.99%",misinformation,0,misinformation
"Prolonged use of the mask may cause hypoxia, oxygen deficiency, fatigue, and decreased reflexes",misinformation,0,misinformation
Man Dies of Heart Attack After Receiving Covid-19 Vaccine,misinformation,0,misinformation
"""Good news! Corona virus vaccine ready. Capable of curing patient 3 hours after injection. Hats off to US scientists. At the moment, Trump has announced that Roche Medical Company will launch the vaccine next Sunday and millions of doses are ready!""",misinformation,0,misinformation
The first coronavirus patient in the Community of Madrid confirmed at the Puerta de Hierro Majadahonda Hospital,misinformation,0,misinformation
Sweden did not have excess mortality in 2020,misinformation,0,misinformation
"""Cough with blood, swollen eyes, fatigue, cough with thick phlegm, chills, headache, diarrhea, stuffy nose, nausea, joint pain, shortness of breath, fever are the main symptoms of Covid-19""",misinformation,0,misinformation
"""The Washton Post confirms the origin of coronavirus patient zero: he was an employee of the famous virology laboratory in the Chinese city of Wuhan.""",misinformation,0,misinformation
"The corona virus has now become extremely dangerous. Kills anyone, regardless of age, without symptoms in three days - World Health Organization",misinformation,0,misinformation
"Clearly, Trump had an oxygen device under his suit yesterday, when he showed up walking to the helicopter to the hospital. Then he got #COVID19",misinformation,0,misinformation
The claim that coronavirus was detected in Ataşehir Fatih Sultan Mehmet Hospital,misinformation,0,misinformation
"The CDC ""quietly updated"" its COVID-19 mortality statistics in summer 2020 to show only 6% of previously reported deaths were actually due to the coronavirus, while the remaining 94% died from preexisting health conditions.",misinformation,0,misinformation
"""Amadora Sintra Hospital without oxygen... All patients are being transferred to Santa Maria hospital""",misinformation,0,misinformation
Coronaviruses have caused 30% of all colds for decades. Influenza and Tuberculosis have a high contamination rate and are potentially more lethal than Sars-Cov-2. Cancer and cardiovascular disease together kill nearly 30 million annually worldwide. When do we take similar measures?,misinformation,0,misinformation
"“The first clinical trial on remdesivir, an experimental medication by the company Gilead Sciences, which has been seen as one of the promising and most successful medications in treating coronavirus, proved a failure.”",misinformation,0,misinformation
"I am opposed to raising the retirement age [in Russia]. As long as I am president, no such decision will be made. Altogether, I believe that there is no need in our country to raise the retirement age. We can and need to boost the economy and the interest of people to continue working but without infringing on their rights to retirement. I will say this again: I am against raising the retirement age.",misinformation,0,misinformation
"“A German university says that [masks] are harmful to children, and show several aspects like irritability, headache, difficulty concentrating, decreased perception of happiness, refusal to go to school or daycare, discouragement, impaired learning ability, dizziness, fatigue.”",misinformation,0,misinformation
Pfizer's vaccine increased the mortality rate of young people with covid-19 in Israel by 260 times,misinformation,0,misinformation
Picture of the throat of a patient infected with coronavirus,misinformation,0,misinformation
US regulatory agency warned that covid-19 vaccines could cause heart attack,misinformation,0,misinformation
"The use of the corona vaccine from the company Biontech and its US partner Pfizer began in several countries after its approval. Claims are now circulating about its side effects. An article says: ""According to media reports, at least six people died during the test runs."" (archived here) It is also claimed: ""Up to 84 percent of those vaccinated reported numerous side effects such as fatigue, headache, muscle or joint pain, as well as chills or fever during the test run."" In many vaccinated people, the lymph nodes were swollen.",misinformation,0,misinformation
"Tiffany Dover passed away on December 19 deceived by her government, her hospital managers, the media and the pharmaceutical company Pfizer… than her sacrifice in the nurse who saved the most lives. No to the vaccine that kills!",misinformation,0,misinformation
A twenty-year-old from the north of the capital is hospitalized at the Spallanzani Hospital in Rome with Covid-19 pneumonia after having been for a week in Sardinia and having intensively attended clubs in Porto Cervo,misinformation,0,misinformation
"Vincenzo Puro of the Spallanzani hospital in Rome: ""The asymptomatic do not infect, the virus is not lethal""",misinformation,0,misinformation
"Cnr, Sacco hospital and the University of Milan have published an online questionnaire entitled ""National Covid-19 epidemiological survey"".",factual,1,factual
"«Reimbursement table for hospital admissions for Covid. 900 euros per day for 10 days in intensive care. 538 euros per day for 12 days in sub-intensive therapy. 250 euros per day for ordinary hospitalizations lasting 14 days. Now it is clear to you why they have all been registered as Covid """,misinformation,0,misinformation
"""Italian hospitals should lighten their Covid wards as soon as possible and distribute the sick to treat them better. Often this does not happen for economic reasons: the drg (Diagnosis related groups: the pay system of hospitals for each treatment activity, ed): recognizes 2,000 euros per day for each Covid-19 patient. A hospital with 100 Covid patients in the ward receives from its Region, and therefore from the State, 200,000 euros per day. How can we think that the various hospitals spontaneously deprive themselves of Covid patients to send them elsewhere? "".",misinformation,0,misinformation
"«In summary ... Pzifer [sic] has created the vaccine stable at 90% (PRACTICALLY LESS THAN THE PERCENTAGE OF ASYMPTOMATICS WHICH IS 95%, ie efficacy equal to zero)! Meanwhile, months ago, the Bill Gates foundation enters the company of the pharmaceutical company itself, Bill Gates funds Biden's election campaign, Biden wins and, 24 hours after the proclamation, the announcement of the vaccine. It is a wonderful planet. THEY WILL VACCINATE US TO HAVE THE SAME PERCENTAGE OF CURRENT ASYMPTOMATICS AND THE SAME OF COVD MORTALITY, on the other hand we will have who knows how many vaccine side effects and, perhaps also, other deaths due to it! FANTASTIC !!! Virtually 0% effective as 95% is the percentage of asymptomatic infected! That is, you get or don't get the vaccine, you have a 95% chance, if you get infected, of being asymptomatic! """,misinformation,0,misinformation
The photo shows Jair Bolsonaro in hospital after testing positive for the new coronavirus,misinformation,0,misinformation
"WhatsApp Info: * Italy is the first country to perform a post-mortem (autopsy) on a dead body since Covit-19, and after extensive investigation it was found that Covit-19 is not a virus, but rather it is a very large global fraud. People are actually dying because of ""multiplied global 5G electromagnetic radiation (poison)"". * Physicians in Italy have violated World Health Organization (WHO) law that does not allow coronation (autopsy) of corpses of people who die of the corona virus, so after some scientific discovery and investigation, this address is not a virus, but a bacterium that causes death in the veins Blood vessels form, i.e., due to this bacterium, blood accumulates in the veins and veins causing this patient to die.",misinformation,0,misinformation
"The global pandemic COVID-19 was declared on the basis of a mathematical projection of mortality which predicted 268 million infected, of which 0.9% or 2.2 million people had to die [9], which later proved to be completely wrong, and thus the reason for declaring a pandemic .",misinformation,0,misinformation
[WHO says] that the [PCR test] gives so many false positives that it can not be used to determine whether a patient is actually infected [by the coronavirus] or not.,misinformation,0,misinformation
A nurse died of a heart attack after the second dose of the vaccine,misinformation,0,misinformation
"""Vaccines kill more than the disease! Survey: Mortality rate......",misinformation,0,misinformation
Doses of vaccine are wasted at the Niguarda hospital in Milan,misinformation,0,misinformation
"Whistleblower from Berlin Nursing Home: Terrible Deaths After Vaccination For the first time, there is an eyewitness report from a Berlin nursing home about the situation after vaccination. She comes from the AGAPLESION Bethanien Havelgarten retirement home in Berlin-Spandau. There, within four weeks of the first vaccination with the BioNTech / Pfizer Comirnaty vaccine, eight of the 31 seniors, who suffered from dementia but were in good physical condition based on their age prior to vaccination, died. The first death occurred after just six days, and five other elderly people died about 14 days after the vaccination. The first symptoms of the disease had already appeared shortly after the vaccination. From the information available to 2020News, patients have not been duly informed about the risks of this vaccine. Attorney Viviane Fischer and Attorney Dr. Reiner Füllmich of the Crown Committee spoke in a video interview with the whistleblower about the closest circumstances of vaccination, the symptoms that occurred and the different nature of deaths in temporal connection with vaccination "".",misinformation,0,misinformation
"The video that is claimed to be a video of a pile of fake Covid-19 corpses that has been prepared, because one of them is seen smoking",misinformation,0,misinformation
"A video clip of the dead bodies of the Corona virus in Britain, showing a man smoking a cigarette.",misinformation,0,misinformation
"The video of a man smoking with his body inside a sack shows ""fake deaths from Covid""",misinformation,0,misinformation
Large country-randomized controlled trial in 2.7 billion people shows 79.1% lower death rate in COVID-19 patients treated with hydroxychloroquine,misinformation,0,misinformation
"The coronavirus is said to be responsible for fewer people dying from the flu. “Covid-19 is a miracle virus!” Read a post on Facebook. The virus “completely eradicated the flu”, “reduced the heart attack rate by more than 50%” and “not a single measles infection was recorded”. A bar chart with the title “German flu waves” is also shown. For eight selected flu seasons over the past 18 years, the number of ""corona deaths"" is compared with the number of ""flu deaths"". While between 8,000 and 25,100 “flu deaths” and zero “coronation deaths” were reported for the past seasons, 9,000 “coronation deaths” and only 411 “flu deaths” are reported for the current season",misinformation,0,misinformation
"Good news! Corona virus vaccine (sic) ready. Able to cure the patient within 3 hours of injection. Hats off to US scientists. At the moment, Trump has announced that Roche Medical Company will release the vaccine next Sunday and millions of doses are ready!",misinformation,0,misinformation
"The video that shows ""doctors"" who ""fall"" while operating on a patient with coronavirus",misinformation,0,misinformation
"Video of a masked mature woman lying on a plastic-covered hospital stretcher is circulating on social media. According to the legend, which accompanies the video, this patient breathing with difficulty was declared dead of the coronavirus by the medical profession. Her worried family did not accept the fate and went to the morgue. ""They unzipped the body bag and found her still alive,"" it read.",misinformation,0,misinformation
"A story is circulating on social media about a man who is said to have tested positive for Covid-19. According to the report, the man would pee blood as a result and the people who come near him would have an 80 percent chance of also testing positive. In addition, the author of the message claims that the man ran away from the ""Hospital of Torhout"", but is that correct?",misinformation,0,misinformation
"A clinic in Rhineland-Palatinate is said to have ceased operations due to insufficient occupancy in the pandemic. ""Not enough corona patients: the hospital in Ingelheim will be closed,"" says a photo that is spread on Facebook (archived here).",misinformation,0,misinformation
"The percentage of mortality in the US from covid-19 is barely 6% of all deaths attributed to the disease, according to an evangelical pastor",misinformation,0,misinformation
"65,000 deaths tested positive for coronavirus within 30 days of their death, so they could have died of a heart attack or a stroke or cancer, but it will go down as a Covid death.",misinformation,0,misinformation
"Several Facebook users shared a message supposedly sent by a nurse from the CHU Saint-Pierre in Brussels. The message, relayed on several social networks, announced that the hospital's emergency department had received around 30 patients with Covid-19 but that the hospital management had signed a confidentiality clause to its employees.",misinformation,0,misinformation
Some people are bothered by the obligation to wear a protective mask as a measure against the spread of Covid-19. Opponents of the masks argue that they are harmful to health. A post on Facebook claims that there are currently ten children with a fungal lung infection in the hospital in Vienna alone. The source is said to be an unspecified doctor.,misinformation,0,misinformation
"Some people are bothered by the obligation to wear a protective mask as a measure against the spread of Covid-19. Opponents of the masks argue that they are harmful to health. There are currently ten children with a fungal lung infection in the hospital in Vienna alone, claims a post on Facebook (archived here). The source is said to be an unspecified doctor.",misinformation,0,misinformation
"A Facebook post alleges that the police in India are terrifying violators of the COVID-19 code of conduct (the three of them without helmets or masks on their motorcycles) by forcibly transporting them into an ambulance with a COVID-19 virus. -19 patient to stop. The masked patient is fake (i.e. not infected with the new coronavirus), but the citizens in violation do not know that. An attached video shows how they try to escape from the ambulance in a panic.",misinformation,0,misinformation
"Since the world has been taking action against the spread of the new coronavirus with vaccinations, warnings about the vaccine have been increasing in various groups. A new evidence that vaccination is harmful is alleged to be information from the University Hospital Mannheim. There, 75 of the 80 employees on the children's ward, who have already received the first dose, are said to have complained about side effects. 30 employees who already received the second dose are even on sick leave due to severe side effects, according to a Facebook post.",misinformation,0,misinformation
"A post on Facebook states that a ""political party that was previously banned ..has been revived"". An extract from the new program of the Party for Charity, Freedom and Diversity (PNVD) has been placed with the post. This calls for, among other things, the abolition of age limits for sex with mutual consent. Critics describe the PNVD as a ""pedo party"", also in comments to the posting.",misinformation,0,misinformation
"Opponents of the corona measures keep claiming that the pandemic was only staged. A video is now circulating on the Internet (archived here) that is shared as evidence of this thesis. In it you can see a Covid patient who has to be ventilated and is treated by medical staff in protective suits. At first glance, however, the end of the clip makes you suspicious: A man appears in the background for a brief moment, completely without protective equipment. So is the scene set?",misinformation,0,misinformation
"The claim that the corona pandemic was only staged has circulated several times in the past few months. Now it is said on Facebook that a recent video provides proof of this. “This is where the images for BILD & ARD / ZDF are created”, says a video description (article archived, video archived). In other variants it says: “All just acting and show” or “THE CORONA LIE”. The clip shows young women in hospital beds. They wear masks and sometimes oxygen tubes in their noses. «So we lie here and simulate, as you can see, because this is the new Corona test center, yes and now a test run is being carried out. We were given certain tasks, ”says one of the women in the video. At the end she adds: ""And I'll get money for the whole thing.""",misinformation,0,misinformation
"The theses of the pulmonologist and former member of the Bundestag Wolfgang Wodarg on the coronavirus have been circulating through social networks for weeks. Wodarg's claims were initially based primarily on data from the EuroMOMO network, which provides data on mortality in European countries. In mid-March, Wodarg claimed that the Covid-19 pandemic could not be that dangerous, otherwise one would see higher death rates in the statistics from EuroMOMO. (http://dpaq.de/6ZudR) This line of argument has since been adopted by several users in social networks. (http://dpaq.de/2WFYH)",misinformation,0,misinformation
"A video shared on Twitter by user Pervez claims: “The World Health Organization (WHO) has taken a U-turn, saying that there is no need to isolate, quarantine or socialize patients infected with the corona virus. It also claims that infected people cannot even transmit the virus from one patient to another.",misinformation,0,misinformation
"In a post on Facebook it is stated that the National Institute for Public Health and the Environment (RIVM) would ""lie"" about its statistics. People who tested positive for the novel coronavirus that causes COVID-19 would automatically be presented as ""patient"". It is also stated that the hospital admissions would ""never have been a correct indicator"" of the status of the pandemic because RIVM now bases its evaluation on the PCR test results.",misinformation,0,misinformation
"Some people are bothered by the mask requirement as a measure against the spread of Covid-19. Opponents of the masks argue that they are harmful to health. In Vienna alone there are currently ten children with a fungal lung infection in hospital, claims a post on Facebook (archived here). The source is said to be an unspecified doctor.",misinformation,0,misinformation
"Juventus star, Cristiano Ronaldo, is about to convert his hotel into a hospital to care for Corona patients.",misinformation,0,misinformation
Cristiano Ronaldo Turns His Hotel into a Corona Hospital,misinformation,0,misinformation
Cristiano Ronaldo converts his hotel into a hospital for COVID-19 patients,misinformation,0,misinformation
Cristiano Ronaldo transforms luxury hotel into corona hospital - pays the doctors' salaries himself,misinformation,0,misinformation
"Despite the high number of corona cases, Belgium is loosening some measures against the spread of the virus from October 1st - for example, the mask requirement in public places and the duration of the quarantine requirement. According to a Facebook post on September 24, there are plans to use the number of hospital stays “as a measure of the spread of the virus” instead of PCR tests (archived here).",misinformation,0,misinformation
A photo of Alain Berset is shared on Facebook with dolls in hospital beds in the background (archived here). The caption says that the Federal Council is visiting a hospital in Neuchâtel. In the post you can see that blick.ch published the picture with the legend in this way.,misinformation,0,misinformation
"Since the number of corona infections in Germany increased in winter, many measures were tightened in January 2021. In the state of Bavaria, for example, it has become mandatory to wear FFP2 masks in retail and local public transport. Is this sufficient to conclude that the measures in force up to that point in time were ineffective? In a Facebook post (archived here), the Chancellor Angela Merkel and the Bavarian Prime Minister Markus Söder put alleged statements in the mouth. For example, the Chancellor stated in the picture: ""You are implicitly saying that all masks were previously meaningless ...?!"" It is also claimed that there was no excess mortality during the corona pandemic.",misinformation,0,misinformation
"Time and again, figures on mortality in Austria are shared on social media. The fact that the number of deaths in 2020 supposedly hardly differs from that of the years before should serve as evidence that the corona pandemic is nowhere near as bad as claimed. «Only in 2020 did the government hold full lockdowns with all massive economic, democratic, health and mental damage. Irresponsible measures, as the numbers impressively prove, ”it says in the post (archived here). Statistics Austria is cited as the source for the figures.",misinformation,0,misinformation
"Even months after the outbreak of the coronavirus, some Internet users doubt whether there is even a pandemic or put it into perspective. For example, a Facebook posting (archived here) is currently claiming that there was an under-mortality in Germany in 2020. In 2020, 904 270 people are said to have died, less than in the five years before. ""How can it be that fewer people die than before in a pandemic in Germany?"" The user cites the Federal Statistical Office as the source. The given link leads nowhere.",misinformation,0,misinformation
"Even months after the outbreak of the coronavirus, some Internet users doubt that there is even a pandemic or put it into perspective. For example, a Facebook post (archived here) is currently claiming that there was an under-mortality in Germany in 2020. In 2020, 904,270 people are said to have died, less than in the previous five years. ""How can it be that fewer people die than before in a pandemic in Germany?"" The user cites the Federal Statistical Office as the source. The given link leads nowhere.",misinformation,0,misinformation
"Cats, dogs, birds - animals often generate a lot of likes on social media. A supposedly caring pigeon is currently doing this. The photo of an elderly man in the hospital with the pigeon sitting on his bed spreads on Facebook. A nurse took the picture, it says in the post (archived here). She wrote: “It has been 23 days since this patient came to the hospital and no one from his family has come to see him in those 23 days. But a pigeon comes every two days and sits on his bed. "" The alleged nurse later found out that the patient sat on a bench near the clinic and fed pigeons every day. Conclusion: ""That shows that (sic!) Animals have more hearts than humans"".",misinformation,0,misinformation
The mRNA vaccine against COVID-19 has led to 40 times more seniors and 260 times more people in the younger age groups dying than would have died from the usual COVID-19 infection.,misinformation,0,misinformation
"Many serious side effects from corona vaccines, listed in an official report by the UK Medicines Agency MHRA: This claim is currently being made in several articles spreading on social media. Five people are said to be blind, 21 have suffered a stroke, four miscarriages and 107 people are said to have died - “and all as a result of an experimental, emergency approved vaccine”, as the page “Our Central Europe” writes (archived here). On the Swiss page “Uncut-News” it says (archived here): “Everything thanks to an experimental vaccine”. But what do the official information from the UK authorities really mean?",misinformation,0,misinformation
"With criticism of supposedly “synchronized scientists and media”, an article on the blog “Philosophia Perennis” tries to arouse doubts about the previous official findings on the connection between corona vaccinations and deaths (archived here). The accusation: In the case of the 113 people officially named so far, whose death was registered by the authorities in a temporal connection with a corona vaccination, old age and previous illnesses were cited as factors - unlike the officially reported corona deaths. We are talking about ""exorbitantly high deaths"" - what is probably meant is an unexpectedly high number of deaths after corona vaccinations. In addition, the article claims: In Austria there are “extensive refusals by nursing staff” to be vaccinated.",misinformation,0,misinformation
"Next-generation mRNA vaccines intervene directly in the patient's genetic material and thus modify individual genetic material, representing genetic manipulation",misinformation,0,misinformation
The abolition of face masks is at the root of a decline in the number of hospital admissions in the US state of Texas.,misinformation,0,misinformation
There is no scientific reason to vaccinate healthy people under the age of 50 or people who have already had COVID-19 with a corona vaccine.,misinformation,0,misinformation
A Russian medical university has completed the clinical trial of the world's first corona vaccine.,misinformation,0,misinformation
A doctor from Delhi's Sir Ganga Ram Hospital has advised that the corona virus can be eliminated by drinking plenty of water and gargling with vinegar or salt in hot water.,misinformation,0,misinformation
Video of corpses of corona virus victims at Osmania Hospital,misinformation,0,misinformation
"Video from Victoria Hospital in Bangalore, where a large crowd gathered in a small space outside the OPD.",misinformation,0,misinformation
Claim what was Sadhvi Pragya's age when babri was demolished,misinformation,0,misinformation
The Board has decided to build a huge Babri Hospital on five acres of land available to the Waqf Board of Muslims as compensation for the Babri Masjid which was unjustly demolished as per the court order. Dr. Kapil Khan will be the person in charge of managing this hospital which will function free of cost and will be appointed as the Chief Physician. The Waqf Board decided to implement a larger than AIIMS hospital.,misinformation,0,misinformation
It is claimed that the Sunni Waqf Board has decided to build a 'Babri Hospital' on the land allotted in Ayodhya and the viral picture is the proposed design of the same hospital.,misinformation,0,misinformation
Sunni Waqf Board deciding to build Babri Hospital in Ayodhya,misinformation,0,misinformation
A Babri Hospital will be built with Kafeel Khan as its director,misinformation,0,misinformation
Babri Hospital will be built where Kafil Khan will be the director,misinformation,0,misinformation
They have shared a picture of a hospital on their Facebook page as the board decided to build a huge Babri hospital on five acres of land available to the Muslim Waqf Board to replace the Babri Masjid that was unjustly demolished by a court order.,misinformation,0,misinformation
Babri Hospital to be built by Sunni Waqf Board and will be headed by Dr Kafeel Khan,misinformation,0,misinformation
The Sunni Waqf Board has decided to build a 'Babri Hospital' on 5 acres of land acquired by the Supreme Court in Ayodhya. Dr Kafeel Khan will be its director.,misinformation,0,misinformation
"One positive patient for Coronavirus found in Barabanki, India",misinformation,0,misinformation
Claim an image of an infant injured in the West Bengal train stone pelting incidence for cab protest,misinformation,0,misinformation
"For the first time in the history of vaccination, the so-called last generation of mRNA vaccine directly affects the genetic material of the patient and thus changes his individual genetic material, which is genetic manipulation, something that is already banned and has since been considered a crime.",misinformation,0,misinformation
“Research illustrates a clear correlation between vitamin D deficiencies and (higher) COVID-19 mortality rates.”,misinformation,0,misinformation
"COVID-19 has mortality at the level of normal virosis, i.e. less than the flu",misinformation,0,misinformation
Covid-19 has a lower mortality rate than the flu,misinformation,0,misinformation
"A report by ""leading health experts"" from Israel shows that never before has a vaccine ""harmed"" so many people as the Covid-19 vaccine. Mortality in Israel has risen sharply in connection with the vaccinations.",misinformation,0,misinformation
Bhagat Singh's younger sister Prakash Kaur is no more with us today at the age of 96.,misinformation,0,misinformation
The claim that coronavirus was detected in Yedikule Chest Diseases Hospital,misinformation,0,misinformation
A novel coronavirus patient has been identified in eastern Indian state of Bihar's Purnea district..,misinformation,0,misinformation
Photo of a Covid-19 hospital in the northern Indian city of Lucknow,misinformation,0,misinformation
WHO proposes alcohol ban for women of childbearing age,misinformation,0,misinformation
"All Covid-19 hospital patients were vaccinated, except for one",misinformation,0,misinformation
Doctor dies of coronavirus at a hospital in wuhan.,misinformation,0,misinformation
Covid-19 treatments recommended by the dean of Thailand’s Siriraj Hospital?,misinformation,0,misinformation
Does COVID-19 have a mortality rate of 1%-2%?,misinformation,0,misinformation
Covid-19 pandemic did not affect US mortality rate,misinformation,0,misinformation
Doctors at the National Taiwan University Hospital found that COVID-19 is a combination of AIDS and SARS,misinformation,0,misinformation
First coronavirus patient in South Africa is cured,misinformation,0,misinformation
Supreme Court justice Ruth Bader Ginsburg advocated lowering the age of sexual consent to 12,misinformation,0,misinformation
Doctor compares blood samples of a healthy person and a coronavirus patient,misinformation,0,misinformation
This is how C5N Hospital Argerich COVID-19 coronavirus lies,misinformation,0,misinformation
Video of China building a new 57-story hospital in 19 days for patients infected with the corona virus,misinformation,0,misinformation
Photo shows hospital building constructed in 16 hours in Wuhan,misinformation,0,misinformation
Hospital laboratories falsify positive COVID-19 results,misinformation,0,misinformation
Image shows three of four clinical trial volunteers who have developed Bell's Palsy after receiving doses of the Pfizer-BioNTech Covid-19 vaccine,misinformation,0,misinformation
"Prolonged use of mask causes hypoxia, oxygen deficiency, fatigue and loss of reflexes.",misinformation,0,misinformation
Photo shows COVID-19 patient receiving enormous hospital bill in Singapore,misinformation,0,misinformation
"In the first days of his 2021 term, U.S. President Joe Biden temporarily froze a federal rule initiated by former President Donald Trump aimed at lowering insulin and EpiPen prices.",misinformation,0,misinformation
"Biden reversed an executive order to reduce cost of insulin, epinephrine",misinformation,0,misinformation
Biden reversed Trump's executive order on insulin prices,misinformation,0,misinformation
CDC illegally changed mortality count rules and inflated Covid-19 death toll,misinformation,0,misinformation
A vaccine caused a seizure of a woman in an Argentine hospital,misinformation,0,misinformation
A woman convulses in the guard of an Argentine hospital after receiving the vaccine against covid-19,misinformation,0,misinformation
Image of Magufuli in hospital before he died,misinformation,0,misinformation
DMX fans escorting his body from hospital,misinformation,0,misinformation
The study of the hospital of Barbastro de Huesca shows a relationship between COVID-19 and the flu vaccine,misinformation,0,misinformation
"A video that ""healthy people under the age of 50 do not need to be vaccinated, asymptomatic transmission is almost non-existent, and people who have been infected do not need to be vaccinated.""",misinformation,0,misinformation
"John Hopkins Hospital sent the following regarding COVID-19. Excellent article and recommendations: * The virus is not a living organism, but a protein molecule (DNA) covered by a protective layer of lipids (fat)",misinformation,0,misinformation
"""The United States has achieved a significant lower [COVID-19] mortality rate than almost all other countries.""",misinformation,0,misinformation
"Convalescent plasma had been “proven to reduce mortality by 35%"" in hospitalized COVID-19 patients.",misinformation,0,misinformation
Photo of Babri Hospital,misinformation,0,misinformation
Viral image shows the plan for Babri Hospital.,misinformation,0,misinformation
Blue print of Babri Hospital to be built in Ayodhya,misinformation,0,misinformation
Image shows blueprint for Babri Hospital,misinformation,0,misinformation
Claim:model picture of babri hospital to be built in Ayodhya,misinformation,0,misinformation
The video shows the last video of Rishi Kapoor before he died in the hospital,misinformation,0,misinformation
Narendra Modi visits Mukesh Ambanis newborn grandson at the hospital.,misinformation,0,misinformation
PM Narendra Modi visited newly born grandson of Mukesh Ambani and Nita Ambani at the hospital,misinformation,0,misinformation
Modi went to the hospital to see his recently born grandson Mukesh Ambani,misinformation,0,misinformation
PM Modi visited Ambani’s grandson at the hospital,misinformation,0,misinformation
Prime Minister Narendra Modi has gone to see Mukesh Ambani's grandson at the hospital demanding the photo,misinformation,0,misinformation
"Users are claiming that the Prime Minister is not meeting the farmers, but went to the hospital to meet Ambani's grandson.",misinformation,0,misinformation
"In this photo, Prime Minister Modi is seen going to the hospital to see the grandson of industrialist Mukesh Ambani",misinformation,0,misinformation
Modi visit Mukesh Ambanis newborn grandson at hospital,misinformation,0,misinformation
Claim: Modi not visited hospital to see Mukesh Ambani grandson,misinformation,0,misinformation
"A group of pictures showing the birth of a child with complete teeth in Romania, and doctors said that his teeth are in a state of full growth, like any human over the age of 25 years.",misinformation,0,misinformation
"The closure of a hospital in the Chinese city of Wuhan, after the recovery of the newly infected Corona virus “Covid 19” inside it.",factual,1,factual
In the Juan Ramón Jiménez hospital in Huelva there are two confirmed cases of coronavirus and ten in isolation,misinformation,0,misinformation
"A Tunisian doctor from Ain Draham, no more than 43 years old, performed the first heart operation outside the patient's body in the world, and it was successful.",misinformation,0,misinformation
"Photos show a 1,000-bed advance hospital has been constructed in days at Rajasthan to tackle the Coronavirus outbreak.",misinformation,0,misinformation
Video of the new hospital set up by China for Coronavirus patients,misinformation,0,misinformation
"China builds: a hospital for people infected with Corona virus in just 48 hours, and the first building for a hospital for people infected with Corona virus was completed in only 16 hours, and a huge building was built as a hospital for people infected with Corona virus in four days.",misinformation,0,misinformation
First case of coronavirus was confirmed in Bogotá at San Rafael hospital,misinformation,0,misinformation
"A picture of the Egyptian doctor, Mohamed Hashad, carrying an oxygen cylinder, in an attempt to save the lives of people infected with the Corona virus in an isolation hospital in Egypt. He died after contracting the emerging corona virus.",misinformation,0,misinformation
They pass a mannequin for a coronavirus patient,misinformation,0,misinformation
Pictures of doctors sleeping from exhaustion and fatigue after treating Corona virus patients.,misinformation,0,misinformation
"The oldest woman in the world has recovered from the emerging corona virus, at the age of 126 years.",factual,1,factual
"The death of the Algerian Cheb Khaled King of Rai in a hospital in the French capital, Paris, after contracting the emerging corona virus (Covid-19).",misinformation,0,misinformation
The Egyptian journalist Amr Adib was involved in a traffic accident in the Egyptian city of October and was taken to the hospital in a critical condition.,misinformation,0,misinformation
"Prince Philip died at 9 a.m. on April 9, the 99th day of the year, at the age of 99.",misinformation,0,misinformation
"A Brazilian nurse filled a glove with warm water to give a sense of human touch to a critically ill Corona patient, and no one is allowed to visit her.",misinformation,0,misinformation
The Israeli Coordinator: Hamas hits Omar al-Qasim Hospital in Qalqilya in Azzun with missiles and damages it.,misinformation,0,misinformation
The death of the Egyptian artist Samir Ghanem at the age of 84.,factual,1,factual
Photo of Stan Swamy chained to his hospital bed in Mumbai,misinformation,0,misinformation
The spreading photo of Stan Swamy as an old man with his legs chained in a hospital bed is misleading.,misinformation,0,misinformation
"Image shows Jesuit priest and tribal activist Father Stan Swamy on oxygen support with his feet chained to the footboard of a hospital bed. He passed away in custody on July 5, 2021, at the age of 84.",misinformation,0,misinformation
An image of an old man chained to a hospital bed is of Father Stan Swamy.,misinformation,0,misinformation
"An old man has been chained to a viral hospital bed on social media. It is claimed that the picture was taken by Father Stan Swamy, the head of the tribal rights movement. Our search has proved that this picture is from Agra in Uttar Pradesh. Stan Swamy has nothing to do with the picture.",misinformation,0,misinformation
Photo shows Father Stan Swamy chained in hospital,misinformation,0,misinformation
late Jesuit priest Stan Swamy tied to a hospital bed in Uttar Pradesh,misinformation,0,misinformation
"Viral video shows the alarming COVID-19 situation in Gandhi hospital in Hyderabad, Telangana.",misinformation,0,misinformation
Video of Kid Pushing Stretcher in Bihar's Hospital,misinformation,0,misinformation
Video of a boy pushing a stretcher in a hospital with a patient on it is from Bihar.,misinformation,0,misinformation
The upper age limit for Hindus in the civil services examination is 32 years and the age limit for Muslims is 35 years.,misinformation,0,misinformation
Viral photo shows a waterlogged hospital in Bihar.,misinformation,0,misinformation
Dead body of a COVID-19 patient transmits the novel coronavirus,misinformation,0,misinformation
The video shows oxygen wastage in Delhis Deen Dayal Upadhyay Hospital.,misinformation,0,misinformation
"The coronavirus does not show symptoms of infection until after several days. When the patient has a fever and cough, he goes to the hospital, and the lungs already show 50% fibrosis, so it is too late",misinformation,0,misinformation
Pablo Iglesias has tested positive for coronavirus after being tested in a private hospital in Madrid,misinformation,0,misinformation
coronavirus patient in Chiapas,misinformation,0,misinformation
"""Researchers: Mortality Rates Soar in Israel After Pfizer's COVID Vaccination""",misinformation,0,misinformation
VACCINES KILL MORE THAN DISEASE!!! Research: Vaccine mortality rate for elderly in Israel 40 times higher than deaths from COVID-19”.,misinformation,0,misinformation
Israel: HOSPITAL CROWDED WITH PATIENTS WHO TAKE THE COVID 19 VACCINE WITH SERIOUS ADVERSE EFFECTS,misinformation,0,misinformation
"Nurse caught with patient with Covid-19 Nurse would be with patient A professional was caught, by hospital staff, in the emergency ward, with a patient infected with coronavirus",misinformation,0,misinformation
"Nurse Sandra M. Guerra was fired at the beginning of the evening for having naively divulged images of the ICU Reference of the Chinese Virus From the Hospital Couto Maia, in Bahia, today, 21/04/202",misinformation,0,misinformation
Attention: Internal Message from Stanford Hospital Board: The new Coronavirus may not show signs of infection for many days. How can anyone know if they are infected?,misinformation,0,misinformation
The most recent international study shows that countries that used hydroxychloroquine early had a mortality rate 79% lower than countries that banned its use.,misinformation,0,misinformation
According to information gathered by Rádio Litoral FM Carlos Bolsonaro was today at the Army's Central Hospital in Rio de Janeiro and was vaccinated against Covid-19,misinformation,0,misinformation
Carlos Bolsonaro was today at the Army's Central Hospital in Rio de Janeiro and was vaccinated against COVID-19. #CarluxoFuraFila,misinformation,0,misinformation
"Today began the appointment of mammograms at Hospital Mário Kroeff, from 9 am to 3 pm, call tel: let the women know it's free. Please don't forget to share it with other groups. #Pink October",misinformation,0,misinformation
"Pineapple hot water please spread !! please spread it!! Professor Chen Huiren of Beijing Army General Hospital emphasized that if everyone who receives this bulletin can take ten copies with others, surely at least one life will be saved... I have fulfilled some of my responsibilities, I hope that you also get .. Thanks! Pineapple hot water can save a lifetime Hot pineapple ~ can kill cancer cells. Cut 2 to 3 pieces of thinner pineapple into a cup, add hot water, it will be ""alkaline water"", drink it every day, it's good for anyone. Hot pineapple releases anti-cancer substances, which are the latest advances in effective cancer treatment in medicine. The warm fruit of pineapple has the effect of killing cysts and tumors. Proven to repair all types of cancer. Pineapple hot water can kill all germs and toxins in the body as a result of allergies Pineapple extract type of medicine only destroys violent cells, does not affect healthy cells. In addition, pineapple amino acids and polyphenols in pineapple juice can regulate high blood pressure, effectively preventing the blockage of internal blood vessels, adjusting blood circulation and reducing blood clots. After reading, tell others, family, friends, Take care of your own health. Please don't hide the message... Spread it and you'll save your life.",misinformation,0,misinformation
The same woman survived Covid-19 at age 102 and was the first to receive the Covid-19 vaccine at age 90.,misinformation,0,misinformation
The claim that coronavirus was detected in Istanbul Ümraniye Training and Research Hospital,misinformation,0,misinformation
"Gandhi Hospital has reported more than a hundred cases of corona virus, four of which have died.",misinformation,0,misinformation
Voting is not mandatory for voters over 60 years of age.,misinformation,0,misinformation
The allegation that a person was quarantined with a diagnosis of coronavirus at Istanbul Capa Medical Faculty,misinformation,0,misinformation
"Dolores Cahill: “And the reason I say that is because I’ve been researching the immune system for 25 years, and there’s a huge problem with making RNA vaccines against RNA viruses, because during 20 out of 40 years of testing those vaccines on animals it happened that one-third Some of these RNA vaccines have also been tested on humans, children and babies, and in some cases half of the children ended up in hospital due to severe damage, and in one case, two babies from a total of 35 died during the study. So the side effects and deaths over the last 20 years related to RNA vaccines have obviously been so bad that they have so far approved a ZERO coronavirus vaccine. """,misinformation,0,misinformation
Warning from the virologist at the Hospital Clínico de Málaga on the Delta variant of coronavirus,misinformation,0,misinformation
"Bernie Sanders ""s not leading me with black voters under the age — look, just all I know is, I am leading everybody, combined, with black voters.""",misinformation,0,misinformation
Video of empty covid-19 beds in a hospital shows the reality of the coronavirus pandemic in Brazil,misinformation,0,misinformation
"Coronavirus has been shown to be less dangerous than the influenza virus, as shown by mortality data in the general population.",misinformation,0,misinformation
"COVID-19 mortality rates are very low, therefore COVID-19 is not an important public health concern; if you are 70+ years old, you have a 0.054% chance of dying from COVID-19",misinformation,0,misinformation
Iran launches missiles at US base in Iraq. Trump promises to reduce Iran to the stone age. China and Russia move.,misinformation,0,misinformation
"The coronavirus is actually a smokescreen to cover up, cover up the growing mortality rate from a real global epidemic - lung chemtrails",misinformation,0,misinformation
The doctor who treated the first COVID-19 patient in Cartagena died,misinformation,0,misinformation
"Vaccination mortality in Israel is many times higher than the mortality of the general population, and it is especially high among those under 65! In Israel more than 200 times. People with HEART PROBLEMS (1) have been affected, and the vaccinated (2) are suffering from kovid-19!",misinformation,0,misinformation
"Doctors in the US receive 13,000. dollars per patient diagnosed with Covid-19",misinformation,0,misinformation
44 Health Workers Positive for Covid at Type B Hospital Parepare,misinformation,0,misinformation
Two Nurses at Sardjito Hospital Infected with Corona Virus,misinformation,0,misinformation
Kanusojo Hospital Balikpapan Has Received Positive Corona Virus Patients,misinformation,0,misinformation
"Video ""A sad story from ITALY, his mother died of a COVID-19 patient""",misinformation,0,misinformation
A visual proving the absence of excess mortality due to Covid-19,misinformation,0,misinformation
"Doctors are being pressured to write COVID-19 on death certificates, but this is not the main cause of death. Medicare also gives $ 13,000 to hospitals for every COVID-19-positive patient, and when a patient needs mechanical breathing support, the hospital where he or she is being treated receives $ 40,000. Thus, hospitals ""charge"" more COVID-19 positive patients for profit.",misinformation,0,misinformation
A graph shows the very low impact of Covid-19 in terms of mortality,misinformation,0,misinformation
Video of a patient with coronavirus in Paraguay,misinformation,0,misinformation
Video of a patient with coronavirus in Argentina,misinformation,0,misinformation
Ramón y Cajal Hospital in Madrid with bags with deaths from COVID-19 coronavirus,misinformation,0,misinformation
Patient with coronavirus in Chiapas,misinformation,0,misinformation
Hospital saturated in Italy by coronavirus,misinformation,0,misinformation
Italian study shows that the use of hydroxychloroquine in hospitalized patients with covid-19 is associated with reduced mortality,misinformation,0,misinformation
A hospital in Lyon has seen an increase in strokes in patients vaccinated against Covid-19,misinformation,0,misinformation
The European Commission recommends pushing back the retirement age to 67 or 70,misinformation,0,misinformation
"""If you go to every hospital in this country and you ask them one question, which is, ‘How would it have been for you last year if every one of your bills were paid at the Medicare rate?’ Every single hospital administrator said they would close.""",misinformation,0,misinformation
"“If you go to every hospital in this country and you ask them one question, which is, ‘How would it have been for you last year if every one of your bills were paid at the Medicare rate?’ Every single hospital administrator said they would close. And the Medicare-for-all bill requires payments to stay at current Medicare rates. So to some extent, we’re supporting a bill that will have every hospital closing.”",misinformation,0,misinformation
"Anti-mask and anti-vaccine Dr. Tarun Kothari Dean of Nair Hospital, Mumbai",misinformation,0,misinformation
Coronavirus infection has been detected in a patient in Nadia's Kalyani,misinformation,0,misinformation
Actor Dwayne Johnson has died at the age of 46,misinformation,0,misinformation
"Posting a picture of Mamata Banerjee lying in the hospital, she claimed, ""According to the viral picture, Didi was injured in her right leg, but why plaster on her left leg?""",misinformation,0,misinformation
"The clinical trial of COVID-19 vaccines should have been done on laboratory animals, not people. It is not a vaccine, it is a human trial.",misinformation,0,misinformation
The Washington Post confirms the origin of the coronavirus patient zero was an employee of the famous virology laboratory in the Chinese city of Wuhan,misinformation,0,misinformation
Medical report of the PCR test of the Hospital Quirónsalud Barcelona: Illa positive for coronavirus Covid-19,misinformation,0,misinformation
"At the Hospital 12 de Octubre in Madrid, people aged 70 and over are vaccinated with Pfizer without prior appointment",misinformation,0,misinformation
COVID-19 incidence statistics are artificially high because the flu is diagnosed as COVID-19.,misinformation,0,misinformation
"ICU of a Valencia hospital empty on September 29, 2020",misinformation,0,misinformation
"At the Virgen Macarena Hospital in Seville, the entire cardiovascular service has tested positive for coronavirus along with several emergency room nurses",misinformation,0,misinformation
Those over 60 years of age can pick up a pack of three masks per month from pharmacies starting on Wednesday 29th of July,misinformation,0,misinformation
Photo of the medical report of a COVID-19 patient in Cartagena Murcia,misinformation,0,misinformation
Mortality (from coronavirus) was many times lower than expected and close to mortality from ordinary seasonal flu (0.2%).,misinformation,0,misinformation
"In China, in 2 days, a hospital was built for infected with coronavirus",misinformation,0,misinformation
"Women who become infertile from the vaccine are not a conspiracy theory. Former Pfizer Lead Scientist / Former Vice President Mike Yeedon claims covid-19 vaccines can cause infertility in women. “… It is expected that it will induce the formation of humoral antibodies against the spike proteins of SARS-CoV-2. Syncytin-1, which is derived from human endogenous retroviruses (HERV) and is responsible for the development of the placenta in mammals and humans, and therefore is an essential prerequisite for a successful pregnancy, is also found in homologous form in the spike proteins of SARS viruses. There is no indication as to whether antibodies against the spike proteins of SARS viruses will act as antibodies against syncytin-1. However, if this were the case, it would also prevent placenta formation, which would lead to the actual infertility of the vaccinated women. As far as I know, Pfizer / BioNTech has not yet released samples of written materials provided to patients, so it is unclear what information, if any, is included in the (potential) fertility risks associated with antibodies. According to section 10.4.2 of the Pfizer / BioNTech study protocol, a woman of childbearing age (WOCBP) is eligible to participate as long as she is not pregnant or breastfeeding and is using an acceptable method of contraception as described in the study protocol at the time of the intervention - period (minimum 28 days after last dose of study intervention). This means that it may take a relatively long time before a noticeable number of cases of post-vaccination infertility can be observed. Vaccines have long been used as a means of delivering sterilizing agents to women, and not only in third world countries. And we were repeatedly told that pregnant women should be among the first to receive the COVID vaccine - right on command ... ”We just have to add that we know that as one of the main declared goals of the Bill Gates Foundation - one of the the main initiators of this fake pandemic are the reduction of the world's population. It is almost unbelievable that infertility as one of the “unintended” consequences of these COVID vaccines would not be discussed in Pfizer board meetings. This pandemic has not only led to the most massive transfer of wealth from the middle class to the elite, effectively killing tens of thousands of small businesses, but has the potential to dramatically reduce the world's population, Friends. Demand abortion has not had the effect on the world's population that they hoped for, as people refuse to kill their unborn children - now more drastic action is needed. This is the entrance to our world of a new communism or Bolshevism, call it what you want, Friends, by instilling medical fascism in society. By the way, the same doctor explained that the ""pandemic"" was over, criticizing the PCR tests as well as their creator, the Nobel Prize winner, stating that they are complete bullshit and a hat, that they do not detect covid, but inanimate, unable to reproduce and infect pieces of any coronavirus (not just covid) in the body or corpses of coronaviruses that cannot reproduce, and that medicine and science are now in the Middle Ages.",misinformation,0,misinformation
"According to Provisional Measure No. 922 / of March 18, 2020, citizens over 60 years of age who are on the streets as of 03/20/2020, will have their retirement suspended indefinitely. Children and grandchildren over 18 years of age will be liable with a fine of R$1,045.00 (one thousand and forty-five reais). This measure was taken to ensure public/private health from the current threat of COVID19",misinformation,0,misinformation
"According to Provisional Measure No. 922/ of March 18, 2020, citizens over 60 years of age who are on the streets as of 03/20/2020 will have their retirement suspended indefinitely.",misinformation,0,misinformation
False nurse arrested at the hospital where Bolsonaro was admitted,misinformation,0,misinformation
Civil Police of SP has just arrested a fake nurse inside the premises of Vila Nova Star where President Jair Bolsonaro is hospitalized. Joilton Batista Silverio was detained by hospital security on the floor where Bolsonaro is recovering from intestinal obstruction. He has a police record for attempted murder and is affiliated with the PCdoB,misinformation,0,misinformation
Civil Police of SP arrested a fake nurse inside the Vila Nova Star where President Jair Bolsonaro is hospitalized. Joilton Batista Silverio was detained by hospital security on the floor where Bolsonaro is recovering from intestinal obstruction. He has a police record for attempted murder and is a member of the PCdoB.,misinformation,0,misinformation
False nurse arrested in hospital where Bolsonaro is hospitalized,misinformation,0,misinformation
FDA warned of risk of heart attack from Covid-19 vaccine.,misinformation,0,misinformation
Carlos Bolsonaro was vaccinated against Covid-19 at the Army's Central Hospital in Rio de Janeiro,misinformation,0,misinformation
"Slovakia is the first country in the European Union to officially register ivermectin for treatment against covid. The mortality rate in nursing homes is around 30%. After treating residents with ivermectin, that rate in one case series dropped to about 5%.",misinformation,0,misinformation
Wuhan hospital in China under construction,misinformation,0,misinformation
"Empty hospital beds, the reality of the pandemic in Brazil",misinformation,0,misinformation
Disha Ravi is a single mother at the age of 21,misinformation,0,misinformation
Amitabh Bachchan recorded a video message for doctors of Nanavati hospital after he was hospitalised post testing COVID positive,misinformation,0,misinformation
"Bharat Biotech’s Made-in-India vaccine against Covid-19, Covaxin, has been approved for children above the age of 12 years.",misinformation,0,misinformation
"Coronavirus case numbers are so high because anyone who walks into hospital - be it with a broken leg or bullet wound - is ""written up as Covid positive"".",misinformation,0,misinformation
"COVID-19 is being put on death certificates fraudulently, without a test having been carried out and when the patient died of something else.",misinformation,0,misinformation
"""Instructed the Ministry of Labor of Russia, together with the Ministry of Finance of Russia, to develop measures to promote employment in the labor market for citizens of pre-retirement age""",misinformation,0,misinformation
"“The increase in life expectancy is associated with a decrease in mortality among people of working age. According to preliminary data from Rosstat, the mortality rate of people of working age in the Russian Federation in 2018 compared to 2017 decreased by 0.6% (from 484.5 to 481.6 per 100 thousand people) """,factual,1,factual
The Ibiza hospital is increasing the numbers of infections by COVID-19,misinformation,0,misinformation
"""There has been no country in Europe with a higher incidence of deaths per inhabitant (than Spain)""",misinformation,0,misinformation
"""Hospital admissions for COVID plummeted in the last week (-66%) and also fell in ICUs (-11%)""",misinformation,0,misinformation
"Clip of last night, with doctors at the Reliance Foundation Hospital, Mumbai. You are a Legend Rishiji you will always be in our hearts and mind",misinformation,0,misinformation
The mortality rate of infection with the Delta variant of the SARS-CoV-2 coronavirus is higher in the vaccinated group than in the unvaccinated group.,misinformation,0,misinformation
"Vaccinations, which may start on January 25, will no longer cover the entire group of seniors, as it was planned, but only those over 70 years of age.",misinformation,0,misinformation
"Once upon a time, Italy, where it all began in Europe, we remember these huge numbers, today there is a daily incidence of coronavirus there is 150-200, and in Poland 700-1000.",misinformation,0,misinformation
"The new Apple Watch Series 4 includes ""the first ECG product offered over-the-counter directly to consumers.""",misinformation,0,misinformation
Says “no one under the age of 20 has died of the coronavirus. We still don’t know whether children can get it and transmit it to others.”,misinformation,0,misinformation
"Says U.S. Sen. Sherrod Brown and Dayton Mayor Nan Whaley were ""totally misrepresenting what took place inside of the hospital. Their news conference after I left for El Paso was a fraud. It bore no resemblance to what took place with those incredible people that I was so lucky to meet and spend time with.""",misinformation,0,misinformation
"“Disparities in infant mortality between white America and black America (are) greater today, in 2019, than in the year 1850...”",factual,1,factual
"Says Martin Luther King Jr. ""was killed (smothered) in the hospital"" and ""the US government was found guilty in a court of law of conspiring to kill him.""",misinformation,0,misinformation
“Shands Hospital of Gainesville Florida has confirmed its first case of coronavirus.”,misinformation,0,misinformation
"“The drinking age, as I noted, was 18, so the seniors were legal, senior year in high school, people were legal to drink.”",misinformation,0,misinformation
"""DMX received COVID vaccine days before heart attack.""",misinformation,0,misinformation
Is this message from an infectious disease specialist at Toulouse University Hospital on 4 serious cases of coronavirus true?,misinformation,0,misinformation
"Picture of the oldest person alive at the age of 273 years, a Chinese Muslim.",misinformation,0,misinformation
"After publicly announcing his cancer diagnosis in February 2020, Rush Limbaugh retired from the ""Rush Limbaugh Show.""",misinformation,0,misinformation
"A gunman associated with the Black Lives Matter (BLM) movement shot and wounded two Los Angeles County sheriff's deputies on Sept. 12, 2020, and BLM protesters afterwards blocked emergency access to the hospital where the deputies received medical treatment.",misinformation,0,misinformation
"U.S. President Donald Trump issued an executive order in July 2020 that will lower the price Americans pay for insulin to ""pennies a day.""",misinformation,0,misinformation
Rapper DMX had a Covid-19 vaccine days before he died of a heart attack.,misinformation,0,misinformation
DMX took the COVID-19 vaccine days before he suffered a heart attack.,misinformation,0,misinformation
"“WHO data shows [that] ivermectin reduces COVID-19 mortality by 81%, but they won’t recommend it?”",misinformation,0,misinformation
Viral video of patients lying outside the hospital is in Hyderabad,misinformation,0,misinformation
Content Verified: Sappno website post states that study proved that the use of chloroquine and azithromycin is responsible for the cure of 98.7% of patients with covid-19 in a French hospital,misinformation,0,misinformation
Joe Biden is responsible for the rising cost of insulin,misinformation,0,misinformation
Legalization of abortion reduces maternal mortality,factual,1,factual
Child malnutrition globally causes half of deaths in children under five years of age,factual,1,factual
Hunger encompasses more than 50% of children and young people under 17 years of age,misinformation,0,misinformation
Argentina is the country with the highest childhood obesity in Latin America,factual,1,factual
"A chain letter about the new type of corona virus has been haunting social networks for weeks. Sometimes it says that the advice comes from ""experts from Taiwan"" or an ""Italian doctor"" from the Chinese city of Shenzhen; sometimes it is a ""hospital chief physician & ward management"", the city of Vienna or the UN children's aid organization Unicef. The chain letter is divided into several versions in different languages. The core of the text is often the claim that the Sars-CoV-2 pathogen dies at 26 to 27 degrees Celsius.",misinformation,0,misinformation
"The city of Bergamo in northern Italy is one of the communities hardest hit by the corona pandemic. A chain letter shared on WhatsApp and Facebook said that 800 people died of Covid-19 in just one day. It says about the Italian song ""Rinascerò, Rinascerai"" by the singer Roby Facchinetti, whose copyrights have been transferred to the Bergamo hospital. And further: ""Every click on the video is a kind of donation, as YouTube pays the owner money per click.""",misinformation,0,misinformation
Covid-19 patient also infected with black fungus claimed from in Sri Lanka,misinformation,0,misinformation
Thailand successfully cures Wuhan coronavirus patient with marijuana,misinformation,0,misinformation
There is a positive patient infected with the Wuhan Corona virus at the Bahteramas Hospital Kendari,misinformation,0,misinformation
"In Brazil, a doctor died as a participant in a clinical study as a result of a corona vaccination.",misinformation,0,misinformation
RKI confirms Covid-19 mortality rate of 0.01 percent in Germany,misinformation,0,misinformation
"On average, more people per day would die from incorrect treatment, hospital germs and drug side effects than from Covid-19.",misinformation,0,misinformation
"The corona pandemic has now ""ended"" if the World Health Organization (WHO) had not changed its ""guidelines""; In the past, a high mortality rate was a prerequisite for the ""pandemic"" definition.",misinformation,0,misinformation
"The first result of the controversial age test in Sweden: of the 581 “underage” asylum seekers examined, around 75 percent are older than 18 years.",misinformation,0,misinformation
"All 75 employees of the children's ward at Mannheim University Hospital had side effects after the first dose of Covid-19 vaccine; all 30 employees who received the second dose were on sick leave with ""sometimes severe side effects"".",misinformation,0,misinformation
What is completely incomprehensible is that women who do not have children - or children over the age of 16 - work more part-time than mothers of young children.,factual,1,factual
"Women who do not have children, or who have children over the age of 16, work more part-time than mothers of young children.",factual,1,factual
"Amid the rapidly growing COVID-19 infection in the country, the video, which went viral on social media, shows a crowd of patients inside the hospital. The video is being shared by social media users with various claims, including from a hospital in Bangalore.",misinformation,0,misinformation
"It is being claimed that according to this year's budget, senior citizens above 75 years of age will no longer have to pay tax.",misinformation,0,misinformation
"New Delhi: The World Health Organization (WHO) said on January 22 that there was no scientific reason for a healthy person to wear a face mask outside a hospital, according to a viral post on social media.",misinformation,0,misinformation
Smoking protects against coronavirus,misinformation,0,misinformation
The study showed a lower incidence of covid-19 contagion among active workers who are exercising their professional activity normally and leaving home every day,misinformation,0,misinformation
How to know you are infected with Covid-19: 1. Itchy throat 2. Dry throat 3. Dry cough 4. High temperature 5. Shortness of breath 6. Loss of smell…,factual,1,factual
Ensuring literacy for children up to seven years of age,misinformation,0,misinformation
"“Deaths worldwide between 01/01/2020 and 31/12/2020 Abortions….42,652,318 HIV/AIDS 42,371,649 Cancer….8,226,779 Malaria….395,006 Smoking… . 5,007,485 Alcohol .... 2,505,326 Suicides .... 1,074,164 Traffics .... 1,352,186 Coronavirus .... 1,810,360 Sources: Worldmeters and Google Deaths will not always be caused by a virus , there are worse things killing the population.”",misinformation,0,misinformation
Ceará today has one of the lowest infant mortality rates in Brazil,misinformation,0,misinformation
Since we have observed an increase in suicide in this age group [child and adolescent],factual,1,factual
Guidelines from the RHP - (Real Hospital Português) on how to better face the coronavirus: 01. Take Vit C; 02. Vitamin E; 03. 10:00 - 11:00 sunlight for 15-20 minutes; 04. Eat eggs; 05. Rest / sleep for 7 to 8 hours; 06. Drink 1.5L of water daily and all meals should be hot (not cold). It's what we do at the hospital,misinformation,0,misinformation
"Reviewing: First phase of immunization of the Elderly March 1st - 74 years old March 2nd - 73 years old (...) March 25th - 56 years old March 26th - 55 years old If you haven't arrived in these age groups, a friend or relative of yours for sure, pass you on too",misinformation,0,misinformation
"The mask requirement is a ""compulsory medical measure"". The occupational health regulations for FFP2 masks cannot be implemented in everyday life. Angela Merkel closed 20 hospitals and 3,000 hospital beds in 2020. So far, 0.08 percent of the German population has died of Corona, which is out of proportion to the measures.",misinformation,0,misinformation
The Conservatives’ ambition is a state pension age of 75.,misinformation,0,misinformation
The average age of death from Covid-19 is 82.,factual,1,factual
"The average age of Covid-19 deaths is higher than the average life expectancy, which means that people who get Covid live longer.",misinformation,0,misinformation
Four million people have diabetes.,factual,1,factual
A study on vitamin D and Covid-19 shows an 80% reduction in need for ICU and a 60% reduction in deaths. The study demonstrates that the clear relationship between vitamin D and Covid mortality is causal.,misinformation,0,misinformation
Photo of woman sitting outside hospital with oxygen cylinder is related to COVID-19 pandemic,misinformation,0,misinformation
A 37-year-old South African woman has given birth to 10 children on social media. All the children are well in the hospital. The woman's name is Gosim Sethol. The children include seven boys and three girls.,misinformation,0,misinformation
Mumbai's Shree Swaminarayan Mandir converted into Kovid Hospital,misinformation,0,misinformation
The doctor of Nanavati Hospital told the treatment of corona,misinformation,0,misinformation
Shree Swaminarayan Mandir in Mumbai has been converted into a Kovid Hospital,misinformation,0,misinformation
Video shows medical staff cheering after the last coronavirus patient recovered in New Zealand and the Covid-19 ward was shut.,misinformation,0,misinformation
A video shows a minor boy pushing a hospital stretcher in Bihar. It reveals the ruthlessness of the BJP-JD(U) government.,misinformation,0,misinformation
Video shows healthcare worker faking Covid-19 vaccination at a hospital in India. The syringe is withdrawn from an elderly man without administering the vaccine.,misinformation,0,misinformation
Largest retrospective study in hospitalized patients shows that hydroxychloroquine significantly reduces the risk of mortality from covid-19,misinformation,0,misinformation
"The number of deaths registered by covid-19 in the country is overestimated, including deaths from pneumonia, stroke and heart attack.",misinformation,0,misinformation
Video of Patanjali’s Balkrishna admitted to hospital by Baba Ramdev recently,misinformation,0,misinformation
Message from the BMC – ‘There is a higher stage of corona which cannot be detected but is infected to small children till the age of 30’,misinformation,0,misinformation
No more door-to-door distribution of Kovid vaccines and vaccinations for those under 45 years of age,misinformation,0,misinformation
"""The infection [Covid-19] in school-age children is very low, it is very small""",factual,1,factual
"In children, “the mortality risk from COVID-19 is actually lower than from the flu. The risk of severe disease or hospitalization is about the same”.",factual,1,factual
"By administering hydroxychloroquine combined with azithromycin, they were able to observe an improvement in all cases, except in one patient",misinformation,0,misinformation
Australia hospital staff gifts Tom Hanks a volleyball while being quarantined for Coronavirus.,misinformation,0,misinformation
Video Shows Situation In A New York Hospital Full Of Dead Bodies,misinformation,0,misinformation
Image shows doctors and nurses dead due to the COVID-19 in hospital in Italy.,misinformation,0,misinformation
Video shows young woman in Spanish hospital collapsing after covid vaccination.,misinformation,0,misinformation
